Id,FirstName,LastName,Gender,AddressString,PhoneNumber
45388411,Iven,Busse,Male,"Marekburg, Borussiastr. 34",(0153) 232552176
77792536,Gian,Hengmith,Male,"Neu Maritland, Winkelweg 2",(0969) 921969329
65428345,Melek,Sillah,Male,"Mecklenburg-Vorpommern, Neu Andreas, Piet-Mondrian-Str. 09",(0316) 028185148
50021118,Angelina,Sören,Female,"Niedersachsen, Fuhlbrüggeland, In der Höhle 19c, Zimmer 144",(0030) 316477105
81070572,Jan,Schwandke,Female,"Ost Edgar, Adalbert-Stifter-Str. 53b",(0626) 322335312
06957719,Yaren,Möhsner,Male,"Süd Annabelle, Paulstr. 77b",(0382) 210846015
10444891,Tamara,Herrmann,Male,"Marioscheid, Ernst-Bloch-Str. 36, 5 OG",(0814) 737165863
30075546,Stephanie,Elbe,Male,"Baden-Württemberg, Philscheid, Hubertusweg 42c, Zimmer 840",(0179) 003468986
48017136,Alia,Jahn,Female,"Neu Mark, Franz-Esser-Str. 844, 9 OG",(0832) 434249920
53387446,Alessa,Schüler,Female,"Nord Vanessa, Zündhütchenweg 67a",(0709) 911194871
09848979,Dina,Dertmann,Female,"Bad Timo, Heinrich-Lübke-Str. 329",(0349) 358401143
49855752,Imke,Schröder,Male,"Pohlburg, Unter dem Schildchen 54a",(0909) 338863851
77262345,Sienna,Striezel,Female,"Niedersachsen, Neu Juliana, Am Wasserturm 6",(0834) 920781719
25822963,Rafael,Geissler,Male,"Montagland, Zedernweg 28b",(0820) 045542282
82430648,Elif,Bolm,Female,"Reusdorf, Auf dem Acker 670, Apt. 811",(0343) 667062533
04630326,James,Abraham,Male,"Hardyburg, Hamberger Str. 02",(0560) 113459339
80255215,Ibrahim,Restorff,Male,"Rheinland-Pfalz, Grünerburg, Samlandstr. 1",(0414) 705317296
22873079,Luiz,Ludolf,Male,"Berlin, Lohmannstadt, Kerschensteinerstr. 021, Apt. 186",(0271) 438176755
96929325,Emma,Hübenbecker,Male,"Bad Yannisburg, Röttgerweg 27b, Zimmer 386",(0445) 631546365
96823102,Nelli,Wollmann,Male,"Mirkoland, Im Steinfeld 646, Apt. 660",(0070) 286537497
